Title,Const,poster
The Goat Life,tt5525650,https://image.tmdb.org/t/p/original/95p65Eb3meuWj8DhldOeIz3NLPF.jpg
Manjummel Boys,tt26458038,https://image.tmdb.org/t/p/original/s5HBKH7hNo8EElJTFQPEDwYgXhG.jpg
Premalu,tt28288786,https://image.tmdb.org/t/p/original/uPpmBjY3znUqGY8kYwI5xvOrSc0.jpg
Bramayugam,tt27431598,https://image.tmdb.org/t/p/original/8ojbLvqjUDRPvau4w6DBbmgoD7W.jpg
Abraham Ozler,tt27816710,https://image.tmdb.org/t/p/original/rBFEad9Yp2LtZNKsEbmWKruOOP2.jpg
Aattam,tt27302079,https://image.tmdb.org/t/p/original/a16FtNn9OcvBHRdh1X6KWzaOV8H.jpg
Malaikottai Vaaliban,tt23023596,https://image.tmdb.org/t/p/original/xZQpQC0FKrCnrNJTWWzpeUbFGvJ.jpg
Aavesham,tt26660021,https://image.tmdb.org/t/p/original/k5RWPaNjgRcNvGoawYaQHQwyctI.jpg
Varshangalkku Shesham,tt28364355,https://image.tmdb.org/t/p/original/dVLqE9aEszo8yrc8TDk3bloYHHS.jpg
Malayalee from India,tt26655359,https://image.tmdb.org/t/p/original/mOqYSsuaDi9D6dh0GRF8gj2ilJQ.jpg
Nadikar,tt15816336,https://image.tmdb.org/t/p/original/xxp2sa8RlELdsVAPplhbP5aq2Is.jpg
