Const,Name,poster
nm0482320,Mohanlal,https://image.tmdb.org/t/p/original/4oQtVIfXVpQESBgkjI9j9v7jMkQ.jpg
nm0007123,Mammootty,https://image.tmdb.org/t/p/original/c5ewp9XtDIOwK5QWhwA7TD0GzqO.jpg
nm1335387,Prithviraj Sukumaran,https://image.tmdb.org/t/p/original/a9f9Tkc4gEFq7OdYEN7UEOwln0T.jpg
nm4921260,Dulquer Salmaan,https://image.tmdb.org/t/p/original/8AT3qDRakZQSZ6HVj7sQFUzN07N.jpg
nm0226770,Dileep,https://image.tmdb.org/t/p/original/9CsxIpYlnWwwJ6bhmUDnpQyKyeZ.jpg
nm4028885,Nivin Pauly,https://image.tmdb.org/t/p/original/6W4nGeMkRWZ5Wj0HAAntu9FWP4f.jpg
nm1335704,Fahadh Faasil,https://image.tmdb.org/t/p/original/wmkwZWFHqMptqdt4HacMIAe8OBP.jpg
nm0090283,Kunchacko Boban,https://image.tmdb.org/t/p/original/1jdbIaYOBuhPNGS8XCqlzMsb0SV.jpg
nm1334389,Jayasurya,https://image.tmdb.org/t/p/original/m3M0skefVc1wMJBKW5CMjKt4orJ.jpg
nm0419688,Jayaram,https://image.tmdb.org/t/p/original/cc1SfVFctuYH353NgxXNBoAFX2d.jpg
