Actor_Name,Actors_url
Mohanlal,/name/nm0482320/
Sumalatha,/name/nm0838517/
Parvathi,/name/nm0664104/
Ashokan,/name/nm0039596/
Shari,/name/nm1117035/
Thilakan,/name/nm0858128/
Vineeth,/name/nm0898913/
Nalini,/name/nm0620546/
Bharat Gopy,/name/nm0329727/
Shubha,/name/nm0795552/
John Varghese,/name/nm1127805/
Jagathi N.K. Achari,/name/nm3259882/
Ajayan Adoor,/name/nm11868367/
Ajayan,/name/nm3710829/
Nedumudi Venu,/name/nm0893449/
Mammootty,/name/nm0007123/
Venu Nagavalli,/name/nm1964412/
Renjini,/name/nm0719562/
Poornam Vishwanathan,/name/nm1111221/
Kaviyoor Ponnamma,/name/nm0690450/
Shobana,/name/nm0811794/
Jayaram,/name/nm0419688/
Srividya,/name/nm0820286/
Suresh Gopi,/name/nm0329730/
Sreenivasan,/name/nm0820208/
Urvashi,/name/nm0882219/
Innocent Vareed Thekkethala,/name/nm0409204/
Sukumaran,/name/nm0837792/
Suparna Anand,/name/nm1297929/
Shalini,/name/nm0787748/
Sangeeta Naik,/name/nm0619689/
Madhavi,/name/nm0534863/
Devan,/name/nm0222181/
Rekha,/name/nm9969854/
Murali,/name/nm0613512/
Karamana Janardanan Nair,/name/nm0438854/
K.P.A.C. Lalitha,/name/nm0433884/
Jagathy Sreekumar,/name/nm0415549/
Janardanan,/name/nm0417314/
Mukesh,/name/nm0611481/
Alummoodan,/name/nm0023096/
Adoor Bhasi,/name/nm0006982/
Seema,/name/nm0781630/
Balan K. Nair,/name/nm0433853/
Vinaya Prasad,/name/nm1110573/
Maathu,/name/nm0558981/
M.R. Gopakumar,/name/nm0329697/
Tanvi Azmi,/name/nm0044343/
Sabitha Anand,/name/nm0025621/
Lal,/name/nm0482309/
Manju Warrier,/name/nm0913097/
Biju Menon,/name/nm0579756/
Geetha,/name/nm0311677/
Ratheesh,/name/nm0711707/
Siddique,/name/nm1388202/
Samyuktha Varma,/name/nm0890062/
Sangeetha,/name/nm0762660/
Vinduja Menon,/name/nm1843051/
Saikumar,/name/nm0756533/
Vani Viswanath,/name/nm0899804/
Vijayaraghavan,/name/nm1066795/
Aliyar,/name/nm0019731/
Augustine,/name/nm0041919/
Azeez,/name/nm0044183/
Bobby,/name/nm0090316/
Lalu Alex,/name/nm0018203/
Vikram,/name/nm1417314/
Narendra Prasad,/name/nm0695266/
Sphadikam George,/name/nm1431568/
Siddharth Lama,/name/nm1066560/
Madhoo,/name/nm0534866/
Chitra,/name/nm0158335/
Dileep,/name/nm0226770/
Mohini,/name/nm1025703/
Cochin Hanifa,/name/nm0359880/
Amrish Puri,/name/nm0700869/
Prabhu,/name/nm0694893/
Tabu,/name/nm0007102/
Napolean,/name/nm0621066/
Revathi,/name/nm0720763/
Kollam Thulasi,/name/nm0862014/
N.N. Pillai,/name/nm1099392/
Philomina,/name/nm0680927/
Suhasini,/name/nm0007124/
Mattanoor Shankara Marar,/name/nm0544891/
Kalamandalam Gopi,/name/nm0329729/
Jagadish,/name/nm0415538/
Salu Koottanad,/name/nm1523871/
Lakshmi Krishnamurthy,/name/nm0471470/
Mahesh,/name/nm1643472/
Meera Vasudevan,/name/nm1417289/
Arjun Lal,/name/nm1572885/
Oduvil Unnikrishnan,/name/nm0881292/
Nirmala Sreenivasan,/name/nm3688808/
Jayakrishnan,/name/nm1675134/
Yash Gawli,/name/nm0310698/
Padmapriya,/name/nm1728792/
Sanusha,/name/nm1720175/
Manoj K. Jayan,/name/nm0419677/
Bala,/name/nm2636112/
Sumit Naval,/name/nm2638414/
Mythili,/name/nm1560523/
Shweta Menon,/name/nm0579769/
Gowri Munjal,/name/nm2329982/
Navya Nair,/name/nm1398736/
Prithviraj Sukumaran,/name/nm1335387/
Sathyan Anthikad,/name/nm0030791/
M.A. Baby,/name/nm4194040/
Nandan Chalissery,/name/nm4194078/
Jaya Prada,/name/nm0419685/
Vijayalakshmi,/name/nm5131483/
Madhu,/name/nm0534867/
Bhavana,/name/nm1418952/
Rahman,/name/nm0706721/
Ranjith,/name/nm1719748/
Kalabhavan Mani,/name/nm0542343/
Jayasurya,/name/nm1334389/
Indrajith Sukumaran,/name/nm1011348/
Kavya Madhavan,/name/nm0534858/
Narain,/name/nm1230844/
Sheela,/name/nm0790659/
Nayanthara,/name/nm1521381/
Ashish Vidyarthi,/name/nm0896573/
R. Sarathkumar,/name/nm0764877/
Sharada,/name/nm0764762/
Balachandra Menon,/name/nm0579755/
Chu Min Zhang,/name/nm2573412/
Shivaji Guruvayoor,/name/nm3159930/
Meera Jasmine,/name/nm1307939/
Kushboo,/name/nm1001243/
Geethu Mohandas,/name/nm0595936/
Tom George,/name/nm1643039/
Rajan P. Dev,/name/nm0222145/
Lakshmi Gopalaswamy,/name/nm0803182/
Siam Howlader,/name/nm13377636/
Poornima Indrajith,/name/nm0595914/
Vasundhara Das,/name/nm0201918/
Meena,/name/nm0576169/
Harisree Ashokan,/name/nm1428080/
Nithya Das,/name/nm1522872/
Rajshri Nair,/name/nm0619772/
Jayasudha,/name/nm0419707/
Aishwariyaa Bhaskaran,/name/nm1027293/
Anupam Kher,/name/nm0451600/
Manya,/name/nm1474067/
Ponnamma Babu,/name/nm1267637/
Baburaj,/name/nm2055008/
Devayani,/name/nm0222266/
Kousalya,/name/nm1269614/
Sindhu Menon,/name/nm1432049/
Kunchacko Boban,/name/nm0090283/
Bharathi,/name/nm0080247/
Sidharth Bharathan,/name/nm4939794/
Jishnu Raghavan,/name/nm1517703/
Renuka Menon,/name/nm1464931/
Chandra Laxman,/name/nm2060633/
Thara Kalyan,/name/nm1229941/
Soundarya,/name/nm0815897/
Gopika Anil,/name/nm12013063/
Rambha,/name/nm0708095/
Jyothirmayi,/name/nm1411659/
Kalidas Jayaram,/name/nm1431772/
Mammukoya,/name/nm0541126/
Suja Karthika,/name/nm1435990/
Tessa,/name/nm1418991/
Bindu Panikkar,/name/nm1429243/
Arun,/name/nm1668938/
Bharath Srinivasan,/name/nm1467000/
Padmakumar,/name/nm3482490/
Arjun Bose,/name/nm1558052/
Karthika,/name/nm1470800/
Shreya Reddy,/name/nm1597362/
Amrita Prakash,/name/nm1671668/
Suresh Krishna,/name/nm1668529/
Jayakrishnan,/name/nm12443990/
Indraja,/name/nm0408548/
Madhu Warrier,/name/nm1732298/
Aravind Akash,/name/nm1525688/
Nishanth Sagar,/name/nm1335581/
Aniyappan,/name/nm1726958/
Salim Kumar,/name/nm1368581/
Muktha George,/name/nm2522571/
Samvrutha Sunil,/name/nm1728860/
Kalaranjini,/name/nm1464127/
Gopika,/name/nm1560318/
Shobha Mohan,/name/nm2072883/
Neeraja,/name/nm2868280/
Rehana,/name/nm1919187/
Poornima Anand,/name/nm3169132/
Saiju Kurup,/name/nm1955570/
Mamta Mohandas,/name/nm1952830/
Chandrakanth,/name/nm12477919/
Indrans,/name/nm1428724/
Thara Balachandran,/name/nm12475396/
Anoop Chandran,/name/nm2649680/
Krishnan,/name/nm5816833/
Harisree Brijesh,/name/nm11762817/
T.S. Raju,/name/nm2494743/
Prakash Raj,/name/nm0695177/
Laya,/name/nm0493483/
Jijoy Rajagopalan,/name/nm6410449/
Remadevi,/name/nm12055484/
Roma Asrani,/name/nm2529123/
Mariya Roy,/name/nm3731201/
Parvathy Thiruvothu,/name/nm2527173/
Skanda Ashok,/name/nm1552036/
Malavika Nair,/name/nm1701861/
Thejas,/name/nm3439851/
Suhaila,/name/nm3439577/
Jiiva,/name/nm1883318/
Arathy,/name/nm12501635/
Arun,/name/nm0038019/
Santha Devi,/name/nm1526450/
Anoop,/name/nm6014847/
Sreeja Chandran,/name/nm12512660/
Lakshmi Sharma,/name/nm2434038/
Nazriya Nazim,/name/nm2601111/
Nivedita,/name/nm2600822/
V.K. Sriraman,/name/nm2818206/
Parvati Melton,/name/nm2490015/
Manju Pillai,/name/nm1465444/
Nandita Das,/name/nm0201903/
Shammi Thilakan,/name/nm1432578/
Ramya Krishnan,/name/nm0471447/
Gajala,/name/nm1271794/
Riyaz Khan,/name/nm1289230/
Seetha,/name/nm0663967/
Vineeth Sreenivasan,/name/nm2068971/
Vinu Mohan,/name/nm2778646/
Bhama,/name/nm2778406/
Ajmal Ameer,/name/nm2775995/
Mallika Kapoor,/name/nm1925662/
Said Alharbi,/name/nm13139997/
Anoop Menon,/name/nm1792604/
Maniyanpilla Raju,/name/nm0683477/
Sudheer Karamana,/name/nm3397660/
Priyamani,/name/nm1421465/
Kaniha,/name/nm1701016/
Chempil Asokan,/name/nm3945709/
Resmi Boban,/name/nm3439501/
Madhan Bob,/name/nm1485941/
Bhoomika Chawla,/name/nm0154653/
Pooja Chaudhary,/name/nm3872847/
Kollam Ajith,/name/nm1559072/
Bijukuttan,/name/nm2469558/
Deepika,/name/nm3896288/
Archana Kavi,/name/nm3896678/
Kailash,/name/nm2718017/
Sreedevi Unni,/name/nm2566997/
Rima Kallingal,/name/nm3634501/
Nishan,/name/nm3853357/
Asif Ali,/name/nm3981484/
M.G. Sasi,/name/nm0765875/
Pasupathy,/name/nm1367730/
Dhanya Mary Varghese,/name/nm3397712/
Ambika,/name/nm0024302/
Rony David,/name/nm4236361/
Vinay Forrt,/name/nm4265894/
Santhosh Jogi,/name/nm3171211/
Kulappulli Leela,/name/nm1728630/
Mithra Kurian,/name/nm3833297/
B. Thyagarajan,/name/nm1019040/
Ann Augustine,/name/nm4038059/
Balachandran Chullikadu,/name/nm2043972/
Shaju K.S.,/name/nm1475258/
Akhila,/name/nm6835494/
G.K. Pillai,/name/nm3422689/
Anikha Surendran,/name/nm4171957/
Nivin Pauly,/name/nm4028885/
Shraavan,/name/nm4027948/
Bhagath Baby Manuel,/name/nm4027847/
Aju Varghese,/name/nm4028151/
Jesse Fox Allen,/name/nm4108235/
Malavika Nair Ammu,/name/nm14506110/
Ananya,/name/nm3130066/
Alexander,/name/nm3903463/
Mala Aravindan,/name/nm0033245/
Jaffer Idukki,/name/nm3154399/
P. Balachandran,/name/nm1548005/
Jayan Cherthala,/name/nm6697627/
Fahadh Faasil,/name/nm1335704/
Ramya Nambeeshan,/name/nm2463487/
Tini Tom,/name/nm2184443/
Sarayu Mohan,/name/nm3935249/
Shine Tom Chacko,/name/nm3557375/
Murali Gopy,/name/nm1729382/
Manu Jose,/name/nm4266081/
Apoorva Bose,/name/nm4027655/
Rahul Pillai,/name/nm5011191/
Appukutty,/name/nm4474201/
Jinse Baskar,/name/nm6557590/
Raai Laxmi,/name/nm2843559/
Sudip Joshy,/name/nm1833175/
Prabhu Deva,/name/nm0222150/
Genelia Deshmukh,/name/nm1299510/
Nithya Menen,/name/nm3383930/
Vijay Babu,/name/nm5444787/
Prathap Pothen,/name/nm0693092/
Shankar Ramakrishnan,/name/nm3488838/
Dharmajan Bolgatty,/name/nm4143935/
Miya George,/name/nm5573352/
Anusree,/name/nm5573564/
Gauthami Nair,/name/nm4920833/
Tanu Roy,/name/nm1626222/
Lenaa,/name/nm2445419/
Babu Antony,/name/nm1184326/
Arjun Nandakumar,/name/nm6001432/
Unni Mukundan,/name/nm4520191/
Ayyappa Baiju,/name/nm2603148/
M. Sasikumar,/name/nm4241449/
Kallen Pokkudan,/name/nm5002244/
Saritha,/name/nm4997683/
Prakash Bare,/name/nm3938215/
David Briggs,/name/nm0109017/
Shritha Sivadas,/name/nm5015284/
Amala Paul,/name/nm3898762/
Vijayan Karanthoor,/name/nm4191548/
Prem Kumar,/name/nm0474853/
Dulquer Salmaan,/name/nm4921260/
Sunny Wayne,/name/nm4921399/
Sudesh Berry,/name/nm0077681/
Vishnu Raghav,/name/nm5398535/
Nandhu,/name/nm1459609/
Isha Talwar,/name/nm1589340/
John Kaippallil,/name/nm7075394/
Mohan Agashe,/name/nm0012881/
Honey Rose,/name/nm0741429/
Rajesh Hebbar,/name/nm3438796/
Chithra Iyer,/name/nm1442746/
Asha Sharath,/name/nm5242011/
Ansiba,/name/nm5954277/
Andrea Jeremiah,/name/nm1942975/
Sanoop Santhosh,/name/nm6293290/
Joy Mathew,/name/nm0558593/
Swathi Reddy,/name/nm3763970/
Sreenath Bhasi,/name/nm5465692/
Nyla Usha,/name/nm5912310/
Krishnachandran,/name/nm1181669/
Vanitha Krishnachandran,/name/nm0889150/
Kamalinee Mukherjee,/name/nm2151543/
Chandini,/name/nm5832913/
Bala Hijam Ningthoujam,/name/nm5869061/
Shane Nigam,/name/nm5939214/
Hareesh Peradi,/name/nm5782889/
Jacob Gregory,/name/nm3065296/
Aparna Gopinath,/name/nm5732706/
Praveen Anidil,/name/nm5522532/
Esther Anil,/name/nm6189601/
Krishnan Anuja,/name/nm15699172/
Shelly Kishore,/name/nm5357202/
Bobby Simha,/name/nm5654277/
Umang Jain,/name/nm4581043/
Shamna Kasim,/name/nm4486082/
Rajith CR,/name/nm2570664/
Devaraman,/name/nm6080326/
Ganesh Kumar,/name/nm1432906/
Aby,/name/nm1842766/
Jubil Rajan P. Dev,/name/nm4178747/
Minon,/name/nm6428707/
Murugan,/name/nm4049999/
Sreejith Ravi,/name/nm2573453/
Yavanika Gopalakrishnan,/name/nm10271114/
Koottickal Jayachandran,/name/nm1334387/
Amritha Anil,/name/nm6446330/
Deepak Parambol,/name/nm6098361/
Shailaja Ambu,/name/nm10411559/
Advaith Ajay,/name/nm11164549/
Johny Antony,/name/nm1434372/
Kalasala Babu,/name/nm1498467/
Shebin Benson,/name/nm6643390/
Iniya,/name/nm4710376/
Mithun Murali,/name/nm5036684/
Malvika Nair,/name/nm6325281/
Niranjan,/name/nm5528676/
Samskruthy Shenoy,/name/nm6173697/
Reenu Mathews,/name/nm5583586/
Rincy Binudev,/name/nm12861299/
Murali Menon,/name/nm1412344/
Nadia Moidu,/name/nm1122924/
Poojitha Menon,/name/nm6363741/
Santhanam,/name/nm1962272/
Shankar,/name/nm0788152/
Nikki Galrani,/name/nm6264784/
Anumol K. Manoharan,/name/nm5135345/
P.K. Meenakshiamma,/name/nm5422466/
Riaz,/name/nm8120055/
Ajmal Riaz,/name/nm8120056/
Richard Banks,/name/nm4867375/
Sophie Karl,/name/nm4174737/
Seema Biswas,/name/nm0084443/
Prakash Chengal,/name/nm9575332/
Gopalakrishnan,/name/nm6228532/
Saniya Iyappan,/name/nm7479044/
Krishna Kumar,/name/nm0471459/
Fathima Babu,/name/nm1679553/
Byon,/name/nm3318415/
Disney James,/name/nm6447222/
Idavela Babu,/name/nm1434433/
Pranav Ekaa,/name/nm9919784/
Hemanth Menon,/name/nm1334235/
Sarath Haridas,/name/nm12532626/
Pradeep Kottayam,/name/nm6845864/
Irshad,/name/nm1411548/
Amit Amee,/name/nm6414971/
Sandra Anil,/name/nm6414977/
Bhuvanesh,/name/nm6414972/
Gayathri,/name/nm6414973/
Archanna Guptaa,/name/nm2992983/
Jose,/name/nm1243594/
Govind Krishna,/name/nm6412512/
Anju Aravind,/name/nm1695513/
Mohan Ayiroor,/name/nm12439533/
Sajitha Beti,/name/nm2748807/
Vinutha Lal,/name/nm6411759/
Meghna Vincent,/name/nm7032764/
Mini Arun,/name/nm3170748/
Devadevan,/name/nm12901459/
Basil,/name/nm5409705/
Ashwath Bhatt,/name/nm2586977/
Favour Francis,/name/nm4584258/
Kunchan,/name/nm0475070/
Anu Mohan,/name/nm7075333/
Tovino Thomas,/name/nm5732707/
Keerthy Suresh,/name/nm7146337/
Ajaykumar,/name/nm1861527/
Shyamaprasad,/name/nm0796119/
Soubin Shahir,/name/nm6229968/
R. Pandiaraajan,/name/nm1455467/
Joju George,/name/nm5852449/
Janani Iyer,/name/nm3817633/
Dhananjay,/name/nm1241173/
Krish Sathar,/name/nm4749360/
Kalabhavan Shajohn,/name/nm3175230/
Pearle Maaney,/name/nm5807496/
Aavaana,/name/nm6446989/
Arun Benny,/name/nm6446991/
Joemon Joshy,/name/nm6446990/
Dev Gill,/name/nm2289345/
Arjun Ashokan,/name/nm6976646/
K.B. Madhu,/name/nm1509920/
Natasha Doshi,/name/nm7478294/
Thezni Khan,/name/nm1722996/
Suraj Venjaramoodu,/name/nm2241427/
Gouri Krishna,/name/nm7611620/
Manochitra,/name/nm3760040/
Thalaivasal Vijay,/name/nm1488730/
Jasmine Bhasin,/name/nm2146876/
Joseph E.A.,/name/nm3897890/
Deepthi,/name/nm7039146/
Harikrishnan,/name/nm4027746/
Asha Aravind,/name/nm6209398/
Namitha Pramod,/name/nm5166292/
Sana Altaf,/name/nm7050679/
Caroline Bech,/name/nm4401645/
Srindaa,/name/nm6684208/
Lakshmi Menon,/name/nm5068044/
Appu,/name/nm8723360/
Abhirami,/name/nm1366317/
Farhaan Faasil,/name/nm6612850/
Ahaana Krishna,/name/nm6612851/
Alencier Ley Lopez,/name/nm4425773/
Gibin Gopinath,/name/nm12343227/
Shruthy Menon,/name/nm2797925/
Darshana Rajendran,/name/nm6697575/
Joy Badlani,/name/nm4442569/
Rahul Dev,/name/nm0222144/
Assim Jamal,/name/nm7726073/
Nisha Agarwal,/name/nm4214601/
AkhilSamVijay,/name/nm12097480/
Makrand Deshpande,/name/nm0221218/
Bineesh Kodiyeri,/name/nm2168002/
Jyothi Krishna,/name/nm6471857/
SobuJ Ahmed,/name/nm13050323/
Leema Babu,/name/nm7559686/
Chemban Vinod Jose,/name/nm5584853/
Vipin Atley,/name/nm6788939/
Rajesh Sharma,/name/nm4331023/
Ishita Chauhan,/name/nm2818856/
Binu Adimali,/name/nm7561226/
Gowri Krishna,/name/nm7482532/
Vijay Menon,/name/nm1122888/
Ashkar Saudan,/name/nm7482531/
Geetha Vijayan,/name/nm1426323/
Divyadarshan,/name/nm7597651/
Soja Jolly,/name/nm6535434/
Noby Marcose,/name/nm7097283/
Prajwal Prasad,/name/nm10026456/
Isha Sharvani,/name/nm1690618/
Nayanthara,/name/nm5930650/
Praveena,/name/nm0695595/
Reena Bashir,/name/nm3614140/
Maqbool Salmaan,/name/nm5578520/
M.A. Nishad,/name/nm2778969/
Advaith Jayasurya,/name/nm6836610/
Anjana Appukuttan,/name/nm6840278/
Lakshmi Priyaa Chandramouli,/name/nm6019263/
Sini Abraham,/name/nm8130397/
Jose Adhya,/name/nm11715091/
Aparna Nair,/name/nm4442444/
Vinayakan,/name/nm2035937/
Piaa Bajpai,/name/nm3170829/
Shohaibkhan Hanifrawther,/name/nm5939213/
Gautam,/name/nm4178984/
Jaise Jose,/name/nm6630376/
Prajiinn,/name/nm4270743/
Tejaswini Prakash,/name/nm3260003/
Rakesh Krishna,/name/nm6836588/
Renjith Raj,/name/nm6836587/
Pooja Vijayan,/name/nm6836586/
Nirmal Jacob,/name/nm7040470/
Haneesh Khani,/name/nm7040469/
Govardhan B.K,/name/nm3972179/
Manikandan,/name/nm3202886/
Charulatha,/name/nm2056352/
Sasi Kalinga,/name/nm4051131/
Sunil Sukhada,/name/nm4584689/
Jaaved Jaaferi,/name/nm0412917/
Renji Panicker,/name/nm1001625/
Varuna Shetty,/name/nm6132859/
Beena Antony,/name/nm1036287/
Arun Kumar,/name/nm8408954/
Madhupal,/name/nm1004639/
Radhika Apte,/name/nm2331000/
S.P. Sreekumar,/name/nm6178903/
Rajshri Deshpande,/name/nm5423482/
Balu Varghese,/name/nm7478940/
Zeenath,/name/nm1466902/
Atul Kulkarni,/name/nm0474609/
Sashi Kumar,/name/nm1981610/
Parveen,/name/nm7181458/
Abhinaya,/name/nm4572244/
Meena Ganesh,/name/nm0304267/
Sekhar Menon,/name/nm5465121/
Manjima Mohan,/name/nm1617813/
Nagineedu,/name/nm4031719/
Sheelu Abraham,/name/nm6684210/
Sathyaraj,/name/nm0766470/
Kainaat Arora,/name/nm3741799/
Deepti Sati,/name/nm7322034/
Jennifer Antony,/name/nm5685124/
Christina Leidel,/name/nm5018954/
Sai Pallavi,/name/nm7367695/
Madonna Sebastian,/name/nm7371790/
S.V. Krishna Shankar,/name/nm5682160/
K.C. Shankar,/name/nm4446079/
Akanksha Puri,/name/nm5462740/
Sanal Aman,/name/nm6436751/
Shilpa Kavalam,/name/nm7412533/
Joseph Mapilasery,/name/nm7412534/
Prakriti Dutta Mukherjee,/name/nm7412532/
Achuthanandan,/name/nm6509368/
Asok Kumar,/name/nm6509367/
Saradhi,/name/nm6509369/
Vappukka,/name/nm6509370/
Chinnu Kuruvila,/name/nm7147334/
Prem Prakash,/name/nm0695171/
Tisca Chopra,/name/nm1538116/
Rimi Tomy,/name/nm1719174/
Reshma Rathore,/name/nm7478939/
Rahul Madhav,/name/nm4383118/
Vishnu,/name/nm7611084/
Ekatrina,/name/nm7611085/
Rachana Narayanankutty,/name/nm5577715/
Govind Padmasoorya,/name/nm3286607/
Elham Mirza,/name/nm7619506/
Sreejith Vijay,/name/nm4331936/
Aisha Azim,/name/nm7835581/
John Jacob,/name/nm5542399/
Munshi Baiju,/name/nm2465349/
Krishnan Balakrishnan,/name/nm4331008/
N.L. Balakrishnan,/name/nm1522327/
Parvathy Ratheesh,/name/nm7463068/
Neeraj Madhav,/name/nm6697626/
Mansi Sharma,/name/nm5970966/
Kishore Kumar G.,/name/nm3132784/
Chandini Sreedharan,/name/nm5875121/
Nikhila Vimal,/name/nm7473958/
Mrudula Murali,/name/nm5684419/
T.G. Ravi,/name/nm0712439/
Divya Pillai,/name/nm5346772/
Gourav Menon,/name/nm6444863/
Archana Jayakrishnan,/name/nm7237909/
Jewel Mary,/name/nm7507895/
Arya,/name/nm1951127/
Gayathri Suresh,/name/nm7202597/
Dhyan Sreenivasan,/name/nm6098360/
Sreedhanya,/name/nm4159493/
Dakshina,/name/nm7596210/
Renjini Rupesh,/name/nm7612391/
Muhammed Musthafa,/name/nm1830213/
Sudhakaran Nair,/name/nm3813019/
Sudheesh,/name/nm1432530/
M.P.S. Naboodiri Kalamandalam,/name/nm3999007/
Tirrtha Murbaadkar,/name/nm4974293/
Sithara,/name/nm0803187/
Meena Kandasamy,/name/nm6502107/
Samvid Anand,/name/nm6600338/
Chala Chari,/name/nm6600337/
Jinu Joseph,/name/nm4737131/
Sajitha Madathil,/name/nm5399645/
Sabitha Jayaraaj,/name/nm2750995/
Thomas G. Kannampuzha,/name/nm11517284/
Ashanth K. Shah,/name/nm7863044/
Kristian Varkichan,/name/nm7764850/
Kabir Bedi,/name/nm0001934/
Priyal Gor,/name/nm6054963/
Shivada Nair,/name/nm5615167/
Siddharth Menon,/name/nm7769394/
Eva Pavithran,/name/nm2798958/
Mallika Sukumaran,/name/nm1500619/
Adarsh Nair,/name/nm7855900/
Rammohan Ravindran,/name/nm10805545/
Kiran Aravindakshan,/name/nm6444862/
Badusha,/name/nm0046258/
Babu Jose,/name/nm10797159/
Priya Kandwal,/name/nm7761750/
Janaki Menon,/name/nm7929178/
Vishal Sunil,/name/nm7929179/
Raghavan,/name/nm1740873/
Maya Vishwanath,/name/nm2716296/
Dr. Chandramohan,/name/nm7882336/
Divian,/name/nm7882334/
Navami Gayak,/name/nm7882337/
Ranjan,/name/nm7882333/
Vijay Raaz,/name/nm0704694/
Iswarya Menon,/name/nm5719512/
Vishnupriya,/name/nm3516489/
Anju Kurian,/name/nm5682275/
Chinchu Mohan,/name/nm6786632/
Priya Shine,/name/nm9825089/
Aneesh Menon,/name/nm4920900/
Babu Annur,/name/nm6172981/
Sunil Adoor,/name/nm7915146/
Anju Amarnath,/name/nm7915149/
Aadharsh Bharanikkavu Radhakrishnan,/name/nm7915144/
Sreelatha Pallickal,/name/nm7915148/
Aliya,/name/nm2480655/
Binu,/name/nm6153568/
Abbas,/name/nm0007806/
Anu Emmanuel,/name/nm5245022/
Devi Ajith,/name/nm1798902/
Binoy Antony,/name/nm6995811/
Aparna Balamurali,/name/nm7936195/
Bineesh Bastin,/name/nm8525205/
K.K. Moideen Koya,/name/nm11245181/
Eden Kuriakosse,/name/nm7840549/
Roshan Mathew,/name/nm7733137/
Sanju Sivram,/name/nm6740245/
Ajayaghosh,/name/nm10587212/
Askar Ali,/name/nm7929525/
Anjali Nair,/name/nm6440625/
Sanjay Pal,/name/nm8444699/
Sandhya,/name/nm1886166/
Vineeth Kumar,/name/nm0474910/
Maanav,/name/nm5432628/
Venu Nariyapuram,/name/nm5917882/
Unni Rajan P. Dev,/name/nm8344749/
Rajiv Rajan,/name/nm9139831/
Abin,/name/nm7939129/
Akshaya,/name/nm7939128/
Ameer Niyas,/name/nm4915893/
Dinesh Prabhakar,/name/nm3440031/
Sinil Sainuddin,/name/nm6976647/
Sasi Ayyanchira,/name/nm2650098/
K.R. Aromal,/name/nm7945689/
James Eliya,/name/nm7945684/
Lakshmy Ramakrishnan,/name/nm3826010/
Anil Panachooran,/name/nm2836432/
Sadiq,/name/nm3477534/
Parvathy Nambiar,/name/nm7886994/
J.D. Chakravarthi,/name/nm0149835/
Manisha Koirala,/name/nm0463539/
Utthara Unni,/name/nm7290335/
Angel Shijoy,/name/nm14314875/
Pradeep Mekkara,/name/nm8130989/
Vedhika,/name/nm1466628/
Emine Salman,/name/nm7725810/
Sijoy Varghese,/name/nm7328054/
Shamili,/name/nm0045138/
Gokul Suresh,/name/nm7848050/
Arthana Binu,/name/nm7848051/
Baiju Santhosh,/name/nm1522315/
Siju Wilson,/name/nm2936907/
Sharafudheen,/name/nm7837226/
Justin John,/name/nm6786628/
Om Puri,/name/nm0700875/
Akshara Kishor,/name/nm7785804/
Shaun Romy,/name/nm8166765/
Anil Nedumangad,/name/nm8223790/
Meghana Raj,/name/nm3964131/
Eric Zachariah,/name/nm8251689/
Durga Premjith,/name/nm8251690/
Prayaga Martin,/name/nm6995220/
Aakash Muraleedharan,/name/nm8111905/
Angelina Roshan,/name/nm8010755/
Kottayam Nazeer,/name/nm1504987/
Vimala Raman,/name/nm2545330/
Meghanadhan,/name/nm1432046/
Pradeep Kumar,/name/nm7502315/
Gireesh Nair,/name/nm7502312/
Arun Nayar,/name/nm7502313/
Baiju Neto,/name/nm7502311/
Dhananjayan V.P Natyacharya,/name/nm6505434/
Geetha Poduval,/name/nm12915737/
Devendranath S,/name/nm6505432/
Sandeep Sreedhar,/name/nm6505429/
Sidharth Prakash,/name/nm8284601/
Anjali Remesh,/name/nm8284602/
Ananthu,/name/nm8284603/
Sarath Chandran,/name/nm8909075/
Shalu Kurian,/name/nm8284549/
Sampath Raj,/name/nm3164292/
Varalaxmi Sarathkumar,/name/nm4174212/
Rajisha Vijayan,/name/nm8135195/
Huma Qureshi,/name/nm4806622/
Sara Arjun,/name/nm4271961/
Chethan Jayalal,/name/nm8255081/
Rohini,/name/nm0737513/
Yog Japee,/name/nm2909348/
Subodh Bhave,/name/nm2347196/
Aima Sebastian,/name/nm8028014/
Boban Alumoodan,/name/nm0023097/
Sonia,/name/nm1286262/
Dinesh Panicker,/name/nm3480406/
Juby Ninan,/name/nm8241119/
Aparna Bajpai,/name/nm5509029/
Adoor Govindankutty,/name/nm5213767/
Prajin Padmanabhan,/name/nm8390875/
Soumya Antony,/name/nm8390876/
Prince Jose,/name/nm8390877/
Manu Mohit,/name/nm8393060/
Anju Priya,/name/nm8393061/
Seema G. Nair,/name/nm1032596/
Neena Kurup,/name/nm1464408/
Pramod Das,/name/nm8395715/
Chriz Deepu,/name/nm8395714/
Abdul Kalam,/name/nm8395719/
Neethu Lal,/name/nm8395718/
Leona Lishoy,/name/nm5159909/
Anoop Ramesh,/name/nm8445204/
Vishnu Unnikrishnan,/name/nm6411762/
Sumith Samudra,/name/nm8485489/
V. Jayaprakash,/name/nm1957308/
Samuthirakani,/name/nm2284321/
Rudraksh Sudheesh,/name/nm7996945/
Abini Aadi,/name/nm8753307/
Santhosh Keezhattoor,/name/nm6660756/
Hima Shankar,/name/nm5146802/
Santhakumari,/name/nm0474938/
Paris Laxmi,/name/nm7711918/
Punnassery Kanchana,/name/nm8487804/
Reina Maria,/name/nm8776708/
Nyra Banerjee,/name/nm4659203/
Ambika Mohan,/name/nm1550800/
Jagapathi Babu,/name/nm0045075/
Sohan Seenulal,/name/nm4383295/
Thomas Mathew,/name/nm8387511/
Arun Kurian,/name/nm8387510/
Vishak Nair,/name/nm8387515/
Adhil Ahamed,/name/nm8633597/
Jithu Johny,/name/nm9962716/
Sangeetha Mohan,/name/nm3282624/
Aishwarya Rajesh,/name/nm5781594/
Nincy Xavier,/name/nm8835428/
Priya Anand,/name/nm3591550/
Sujith Shanker,/name/nm7936196/
Lakshmipriya K,/name/nm6713426/
Nimay Pillai,/name/nm8602257/
Gopan Kalharam,/name/nm13013948/
Mareena,/name/nm3901063/
Manish Chaudhari,/name/nm1472197/
Kunal Kapoor,/name/nm1577858/
Himarsha Venkatsamy,/name/nm6598220/
Aaran,/name/nm8454638/
Ketaki Narayan,/name/nm7855139/
Roopesh Peethambaran,/name/nm4115259/
Manesh Krishnan,/name/nm4270963/
Antony Varghese,/name/nm8801016/
Reshma Rajan,/name/nm8837260/
Binny Rinky Benjamin,/name/nm8850252/
Amrutha Anna Reji,/name/nm8850254/
Manikandan R. Achari,/name/nm8166767/
Namrata Gaikwad,/name/nm7428219/
Prasad Kannan,/name/nm10879188/
Malavika Menon,/name/nm5576887/
Virginia Rodrigues,/name/nm0735212/
Aditi Ravi,/name/nm8597764/
Manu Bhadran,/name/nm8852635/
Roshan Mathews,/name/nm8857487/
Navas M.H.,/name/nm8857488/
Sulfi Sulfikar,/name/nm8857489/
Vipish Kumar,/name/nm8857490/
Dinesh Eranjikkal,/name/nm8857579/
Udith Nived,/name/nm8857580/
Mohasin Salam,/name/nm8857581/
Amala Akkineni,/name/nm0023839/
Niranjana Anoop,/name/nm7561244/
Prakash Belawadi,/name/nm1388463/
Sneha,/name/nm0998044/
Grace Antony,/name/nm10251235/
Allu Sirish,/name/nm3224930/
Arunoday Singh,/name/nm3349461/
Swaraj Gramika,/name/nm9191028/
Binu Pappu,/name/nm8527632/
Deepak Jethi,/name/nm1276079/
Sankar Induchoodan,/name/nm9983005/
Karthika Muraleedharan,/name/nm8327621/
Kishore Satya,/name/nm1797849/
Anu Sithara,/name/nm6788819/
Sanjay Menon,/name/nm9004413/
Wamiqa Gabbi,/name/nm3844346/
Adil Ibrahim,/name/nm4486395/
Sandhya Raju,/name/nm8737376/
Kumari Joemol,/name/nm0427274/
Devasurya,/name/nm10519115/
Justin Chacko Koyikkara,/name/nm9036162/
Kumarakom Raghunath,/name/nm3175651/
Lijo Jose,/name/nm8885834/
Gopal Master,/name/nm8792347/
Vasudev Master,/name/nm8792346/
Anuranjan Premji,/name/nm8946090/
Baiju V.K.,/name/nm3617629/
Narayanankutty,/name/nm3286633/
Saju Navodaya,/name/nm7457612/
Kalabhavan Rahman,/name/nm2320466/
Ramzan Muhammed,/name/nm9076217/
Ajaz Kollam,/name/nm8511948/
Prashant Narayanan,/name/nm1241910/
Akash .V.H.,/name/nm11579719/
Nimisha Sajayan,/name/nm9016782/
Nadiya Kalhara,/name/nm9094872/
Hareesh Kanaran,/name/nm7075397/
Divya Gopinath,/name/nm8905300/
Lal Jose,/name/nm0430485/
Ragini Nandwani,/name/nm5450009/
Urmila Unni,/name/nm0881289/
Pranav Ratheesh,/name/nm8835526/
Maria Yohannan,/name/nm8835527/
Askar Ameer,/name/nm8835528/
Surabhi Lakshmi,/name/nm3318140/
Balu Narayanan,/name/nm7319869/
Shivani Bhai,/name/nm3847686/
Kiran Raj,/name/nm2486661/
I.M. Vijayan,/name/nm1019143/
S. Sreesanth,/name/nm9146080/
Hari Gopinath,/name/nm5611223/
Priya Mohan,/name/nm9030666/
Sajan Palluruthy,/name/nm7972075/
Bindu Ramakrishnan,/name/nm6797735/
Anand Manmadhan,/name/nm8445234/
Dheeraj Denny,/name/nm8445203/
Gayathri Arun,/name/nm8976853/
Liya Maju,/name/nm9181558/
Akhil Das,/name/nm9181559/
Gautami,/name/nm0310221/
Meera Nair,/name/nm9209144/
Nitya Naresh,/name/nm8528996/
Askar Ali,/name/nm8939791/
Lijo Mol Jose,/name/nm7934649/
Ramesh Pisharody,/name/nm3542089/
Joby A.S.,/name/nm3940250/
Reem Kadem,/name/nm2186776/
Adil Hussain,/name/nm1300009/
Sethu Lakshmi,/name/nm7600010/
Rajesh R. Nair,/name/nm5827836/
Babu Namboothiri,/name/nm0620685/
Mukundan,/name/nm1459571/
Sarath Kumar,/name/nm8837262/
Dileesh Pothan,/name/nm4584004/
Shanthi Krishna,/name/nm0471422/
Aishwarya Lekshmi,/name/nm8468959/
Drishya Raghunath,/name/nm8400963/
Anita Lukmance,/name/nm9274064/
Anwar Shereef,/name/nm6788940/
Amal Shah,/name/nm9369629/
Govind V. Pai,/name/nm9369630/
Sajid Yahiya,/name/nm6325282/
Hannah Reji Koshy,/name/nm8063329/
Radhika Sarathkumar,/name/nm0704654/
Anaswara Rajan,/name/nm9503553/
Naji M Baji,/name/nm8322548/
Santhy Balachandran,/name/nm9009984/
Dhansika,/name/nm4734130/
Sai Tamhankar,/name/nm3256907/
Neha Sharma,/name/nm2777281/
Anjana Chandran,/name/nm9198327/
Amith Chakalakkal,/name/nm8255076/
Thanuja Karthik,/name/nm9196103/
Rahul Rajasekharan,/name/nm9571838/
Neha Saxena,/name/nm4772481/
Dhruvan,/name/nm9588817/
Eldho Mathew,/name/nm9588818/
Aswin Jose,/name/nm9588819/
Stunt Silva,/name/nm3164927/
Pranav Mohanlal,/name/nm3387048/
Trisha Krishnan,/name/nm1375534/
Sunny Leone,/name/nm1293381/
Basil Joseph,/name/nm7243877/
Anil Reji,/name/nm9711810/
Pala Aravindan,/name/nm6096074/
Rajesh Raju George,/name/nm13039084/
Dev Prayag Hari,/name/nm8282138/
Tarushi Jha,/name/nm9621707/
Rajeev Pillai,/name/nm4432851/
Adhish Praveen,/name/nm7713448/
Soolapani,/name/nm10923257/
Sidhartha Siva,/name/nm4273228/
Shravan Mukesh,/name/nm9393744/
Varsha Bollamma,/name/nm9103031/
Abraham Marett,/name/nm9631597/
Kalesh Kannattu,/name/nm7945686/
Sanoop Soman,/name/nm9654827/
Selin Sooraj,/name/nm9654828/
Varun Kumar,/name/nm9654829/
Anson Paul,/name/nm7742005/
Vineeth Vishwam,/name/nm8801017/
Priyanka Nair,/name/nm3444244/
Vineeth Mohan,/name/nm7079028/
Robin Machan,/name/nm9667001/
Ashwin Kumar,/name/nm8054627/
Harshika Poonacha,/name/nm4148576/
Manoj Guinness,/name/nm8402598/
Sharan,/name/nm7909122/
Sreedha Krishnan,/name/nm9686215/
Neeta Pillai,/name/nm9708902/
Anil Murali,/name/nm1517903/
Tosh Christy,/name/nm9716707/
Samuel Abiola Robinson,/name/nm6867672/
Savithri Sreedharan,/name/nm9721988/
Sarasa Balussery,/name/nm9721989/
Sujith Koyickal,/name/nm6601890/
Bilas Chandrahasan Nair,/name/nm8568226/
Kannan Nayar,/name/nm9737599/
Shiyas Kareem,/name/nm9959786/
Saju Kodiyan,/name/nm1523790/
Manasa Radhakrishnan,/name/nm8696375/
Tito Wilson,/name/nm8837263/
Sharu Varghese,/name/nm9723994/
Sreekanth Menon,/name/nm6785685/
Johnny Jr1,/name/nm12026486/
Vishnu Agasthya,/name/nm10225606/
Siddharth,/name/nm1413459/
Dinoy Poulose,/name/nm9212368/
Muthumani,/name/nm5891583/
Shruti Ramachandran,/name/nm6603487/
Kainakary Thankaraj,/name/nm5593270/
Nassar,/name/nm0621937/
Hakkim Shah,/name/nm9025544/
Dain Davis,/name/nm9209146/
Remya Suresh,/name/nm7881478/
Asha Madathil Sreekanth,/name/nm13373654/
Srikant Murali,/name/nm8547541/
Vishnu Govindhan,/name/nm8850112/
Akshay Krishnan,/name/nm9217532/
Aishwarya Ullas,/name/nm9872882/
Bhama Arun,/name/nm9851193/
Mamitha Baiju,/name/nm10310964/
Hashim Hissain,/name/nm9851192/
Maria Juliana,/name/nm11988925/
Kalairani,/name/nm1468843/
Levin Simon Joseph,/name/nm9728698/
Vinod Kedamangalam,/name/nm8111934/
Jeevan Gopal,/name/nm9884513/
Jeeva Joseph,/name/nm12402435/
Viju Kodungalloor,/name/nm7633612/
Baiju Balan,/name/nm7753443/
Deepul,/name/nm9825856/
P.N. Ala Lakshman,/name/nm9825859/
Vandhitha Manoharan,/name/nm9825857/
Shravya,/name/nm5834507/
Rizabawa,/name/nm0062568/
Alexander Prasanth,/name/nm8195186/
Bhagyalakshmi,/name/nm2366511/
Mohan Das,/name/nm9889366/
Unni Lalu,/name/nm9367818/
Nasser Latif,/name/nm9712493/
Sudev Nair,/name/nm4710099/
Shanavas Shanu,/name/nm8351178/
Kanakalatha,/name/nm0437053/
Karthik Vishnu,/name/nm9935635/
Abdulla Ayman,/name/nm9937908/
Rony Raj,/name/nm9946563/
Jenson Alappat,/name/nm9588820/
Ganesh Venkatraman,/name/nm3443674/
AbleBenni,/name/nm9960466/
SeeRaj Vikram,/name/nm9960738/
ShreeRaj,/name/nm12002876/
Sreekanth Dasan,/name/nm8850249/
R.L.V. Ramakrishnan,/name/nm9958041/
Sonia Agarwal,/name/nm1419300/
Parvati Nair,/name/nm5320218/
Bibin George,/name/nm7628634/
Jojo George,/name/nm5438811/
Sharanya R. Nair,/name/nm10108314/
Ajmal Zain,/name/nm9979658/
Surabhi Santhosh,/name/nm7017299/
Vijay Johny,/name/nm11648176/
Krrish Menon,/name/nm10396177/
Parvathy Arun,/name/nm9435424/
Kani Kusruti,/name/nm4225184/
P.C. George,/name/nm9258238/
Aswathi Menon,/name/nm1522280/
Giju John,/name/nm4198852/
Samyuktha Menon,/name/nm7917727/
Vishnupriya Vijayan,/name/nm10123541/
Firoz,/name/nm10135479/
Hariprashanth,/name/nm9571785/
Rishi Prakash,/name/nm8989790/
Megha Mathew,/name/nm8859264/
Vishnu Vinay,/name/nm9355289/
Lalithasree,/name/nm2130498/
Snehanth Mahendran,/name/nm13321144/
Soumya Sadanandan,/name/nm9321875/
Master Aslaabith,/name/nm10391884/
Ashok Kumar,/name/nm10391883/
Rachel David,/name/nm6142313/
Abhishek Raveendran,/name/nm4275435/
Nilambur Ayisha,/name/nm1935871/
Biju Sopanam,/name/nm8850134/
Sreeji Gopinathan,/name/nm10428770/
Anisha Seena,/name/nm10428768/
Major Ravi,/name/nm2081862/
Alok,/name/nm10421619/
Althaf Salim,/name/nm7898723/
Priya Prakash Varrier,/name/nm9623758/
Sarjano Khalid,/name/nm10352906/
Jiivika Pillappa,/name/nm10490695/
Arun Nair,/name/nm10490919/
Jasnya Jayadeesh,/name/nm12875327/
Jeethu Joseph,/name/nm2572228/
Sarath Sabha,/name/nm7977184/
Charmila,/name/nm1427771/
Sathyadas Kajiramkulam,/name/nm10503055/
Padmaraj Ratheesh,/name/nm7457611/
Kavya Suresh,/name/nm8113714/
Akhil Prabhakar,/name/nm10521527/
Sarath Babu,/name/nm0764871/
Suryalal Sivaji,/name/nm10521529/
Jowin Abraham,/name/nm10573616/
Nandu Anand,/name/nm10533891/
Roshan Ullas,/name/nm10379526/
Sooraj Kumar,/name/nm9588822/
Dev Das,/name/nm2603023/
Nidhi Arun,/name/nm10536386/
Akash Aryan,/name/nm15311055/
Sona Nair,/name/nm1381069/
Haneef Kechery,/name/nm10555485/
Maya Menon,/name/nm9667467/
Unni Raja,/name/nm10404304/
Manuraj,/name/nm2729322/
Azhar Mohammed,/name/nm13078194/
Antony Francis,/name/nm13078195/
Aishwarya Prashanth,/name/nm13078196/
Jayas Reji,/name/nm13095991/
Kalyani Nair,/name/nm9955360/
K.T.C. Abdullah,/name/nm3172235/
Arya Devi,/name/nm11175225/
Nirmal Palazhi,/name/nm8814704/
Austin Dan,/name/nm10777809/
Aneesh Gopal,/name/nm9843027/
Lakshmika Sajeevan,/name/nm10091998/
Bhushanlal,/name/nm10584973/
Vivek Oberoi,/name/nm1059103/
Jai,/name/nm0415773/
Sabumon Abdusamad,/name/nm2465399/
Neli Kings,/name/nm9781411/
Kalabhavan Narayanan Kutty,/name/nm9781412/
Madhurima,/name/nm9781414/
Jeffin,/name/nm9788471/
Kalesh Kalakkodu,/name/nm9484371/
Anaz Sainudeen,/name/nm9783540/
Bala Singh,/name/nm1563842/
Vijay Anand,/name/nm9829769/
Anila,/name/nm9829772/
Master Ashray,/name/nm9829771/
Ann Sheetal,/name/nm8793835/
Sibi Thomas,/name/nm9115333/
Kalabhavan Haneef,/name/nm3495929/
Dayyana Hameed,/name/nm12294533/
Vijo Amaravathy,/name/nm9061703/
Deepak Menon,/name/nm10633019/
Manju Sankar,/name/nm13091018/
Sheikh Rasheed,/name/nm10716126/
Joseph Jacob,/name/nm13090350/
Benny John,/name/nm13090351/
Benny John,/name/nm13825251/
Aaliyah,/name/nm10747845/
Anna Baby,/name/nm11905599/
Badusha,/name/nm10747846/
Lakshmi Priya,/name/nm3170229/
Ajith,/name/nm13445943/
Sobha Ajith,/name/nm13445944/
Kochu Preman,/name/nm1432283/
Priyamvada Krishnan,/name/nm10749426/
Manu Jose,/name/nm10675716/
Chinnu Chandni Nair,/name/nm8322549/
Navas Vallikkunnu,/name/nm10733771/
Divya Prabha,/name/nm8113643/
Easwari Rao,/name/nm0710545/
Dominic Dom,/name/nm6788942/
Aswiny Gouri,/name/nm10730090/
DJ Thommi,/name/nm10730091/
G. Suresh Kumar,/name/nm1622255/
Mohammed Althaf,/name/nm10269274/
Nithin George,/name/nm8734867/
Vinitha Koshy,/name/nm8782361/
Ahamed Siddique,/name/nm3843863/
Fara Shibla,/name/nm10683291/
Azees Nedumangad,/name/nm6535432/
Dona Maria Anthraper,/name/nm10797339/
Arun Chandran,/name/nm10797340/
Preethi Gino,/name/nm10797338/
Ashwin Gopinath,/name/nm10879122/
Vijay Sethupathi,/name/nm4043111/
Athmeeya Rajan,/name/nm5958832/
Karthik Ramakrishnan,/name/nm5856573/
Mathew Thomas,/name/nm10464357/
Naslen,/name/nm10899733/
Jason Chacko,/name/nm7765532/
Jason Chacko,/name/nm11241348/
Fukru Krishnajeev,/name/nm11756604/
Jabir Moosa,/name/nm12223692/
Arun Gopan,/name/nm10797343/
Dhanil Krishna,/name/nm10683847/
V. Suresh Thampanoor,/name/nm7931828/
Suvarnan Chooranad,/name/nm11243925/
Shibu Jayaraj,/name/nm11243924/
Hari Menon,/name/nm11261725/
Aiswarya Anil Kumar,/name/nm11261726/
Kichu Tellus,/name/nm8850246/
Bitto Davis,/name/nm8842140/
Unnimaya Prasad,/name/nm9045615/
Jayaprakash Kuloor,/name/nm4279762/
Arbaaz Khan,/name/nm0451170/
Mirnaa,/name/nm10897331/
Anoop Majeed,/name/nm11266554/
John Vijay,/name/nm3682633/
Sneha Divakaran,/name/nm13120577/
Binoy Nambala,/name/nm8311581/
Jiji Scaria,/name/nm11225914/
Sanoop Dinesh,/name/nm9288737/
Sooraj S. Kurup,/name/nm7876432/
Bose Venkat,/name/nm3163756/
Sashikumar Subramani,/name/nm11302411/
Kottayam Rasheed,/name/nm6651427/
R.K. Suresh,/name/nm7850253/
Vinoth Kishan,/name/nm5967305/
Sreenath Janardhanan,/name/nm9755649/
Ravi Mathew,/name/nm9755648/
Shabareesh Varma,/name/nm5682173/
Eby Adoor,/name/nm9825079/
Ashitha Aravind,/name/nm8624162/
Ajeesh Janaa,/name/nm9825081/
Kalyani Priyadarshan,/name/nm9219502/
Ranjith,/name/nm1066396/
Amjath Moosa,/name/nm11347905/
Sona Heiden,/name/nm4439446/
Jipsa Beegam,/name/nm11347904/
Saras Santhosh,/name/nm11130447/
Malavika Narayanan,/name/nm11360259/
Vishnu Reghu,/name/nm11360280/
Karthika Nair,/name/nm11360281/
Haris Mannancheril,/name/nm11360340/
Amalda Liz,/name/nm8166766/
Gautham Vasudev Menon,/name/nm1069826/
Reba Monica John,/name/nm7984315/
Suresh Babu,/name/nm13362186/
Anand,/name/nm0025606/
Manka Mahesh,/name/nm1269314/
Margret Antony,/name/nm10825431/
Abhishek Vinod,/name/nm9678553/
Anna Ben,/name/nm10431504/
Nilja K. Baby,/name/nm12731770/
Pauly Valsan,/name/nm6684209/
Jinoy Janardhanan,/name/nm11040207/
Navajith Narayanan,/name/nm9212362/
Anand Bbal,/name/nm8311582/
Akash Dev,/name/nm8850258/
Manu Pillai,/name/nm10199336/
Samad Sulaiman,/name/nm11130584/
Drishya Dinesh,/name/nm11408456/
Aditi Rao Hydari,/name/nm2390814/
Dev Mohan,/name/nm11701991/
Abhilash,/name/nm11702021/
Anupama Parameswaran,/name/nm7322042/
India Jarvis,/name/nm7151322/
Gokulan,/name/nm8344748/
Sudhi Koppa,/name/nm7205423/
Nayana Elza,/name/nm10825424/
Durga Krishna,/name/nm9439930/
Dinesh Neelakandan,/name/nm9214226/
Arjun Ravindran,/name/nm11681212/
Ajitha V.M.,/name/nm12250685/
T. Suresh Babu,/name/nm12247625/
Priyanka,/name/nm7751839/
Meenakshi Unnikrishnan,/name/nm12944814/
LittleDarshan,/name/nm11861203/
Ranjitha Menon,/name/nm11861187/
Lukman Avaran,/name/nm6916464/
Orma Bose,/name/nm8024600/
Balaji Sarma,/name/nm6947814/
Anju Abraham,/name/nm12148982/
Ayden Abraham,/name/nm12148964/
Jinu Ben,/name/nm6550879/
Neeraja,/name/nm8761677/
Baby Monika Siva,/name/nm11105263/
Karuna Singh Chauhan,/name/nm12503764/
Himanshu Dhankhar,/name/nm12291326/
Jabbar Chemmadu,/name/nm8176002/
Niyaaz Meccazreal,/name/nm12395831/
Anjana Menon,/name/nm9804398/
Anarkali Nazar,/name/nm12419032/
Arfaz Iqbal,/name/nm11691593/
Shalu Rahim,/name/nm8946827/
Abu Valayamkulam,/name/nm8311583/
Roni Abraham,/name/nm11702866/
Deljo Dominic,/name/nm11435294/
Jothish Jo,/name/nm11479316/
Moor,/name/nm10879127/
Shailaja Jala,/name/nm11515956/
Shyam Reji,/name/nm10923101/
Syam Cargoz,/name/nm10777810/
Joe John Chacko,/name/nm11843437/
Uday Chandra,/name/nm1384402/
Hhary Jo,/name/nm11448875/
Gouri Kishan,/name/nm10174309/
Mashar Hamsa,/name/nm7946719/
Joseph Puthenpurackal,/name/nm12462912/
Chali Pala,/name/nm0149937/
Alex Alister,/name/nm12457330/
Sabitha Calicut,/name/nm12496438/
Geethi Sangeetha,/name/nm11589794/
Venkitesh V.P.,/name/nm10214268/
Nandhan Unni,/name/nm6995810/
Meenakshi,/name/nm7751841/
Kottayam Ramesh,/name/nm10752219/
Boban Samuel,/name/nm4609648/
Arish Anoop,/name/nm12178292/
Gibu George,/name/nm10110921/
Devika Sivan,/name/nm11841308/
Aditi Balan,/name/nm9195417/
Jalaja,/name/nm0416075/
Gazal Ahemad,/name/nm13088497/
Sreenath Gopinath,/name/nm13088498/
Keerthi Anand,/name/nm12900485/
Sandesh Sathyan,/name/nm12900487/
Jishnu Suresh,/name/nm13163097/
Varthik,/name/nm12900486/
Raashi Khanna,/name/nm5637317/
Subbalakshmi,/name/nm2028276/
Sunil C.K.,/name/nm10842616/
Sajin Cherukayil,/name/nm9212366/
Suchithra Devi,/name/nm11137281/
Ebi Ganesh,/name/nm7282368/
Meenakshi Dinesh,/name/nm11193609/
Shynas Ilyaz,/name/nm14913491/
Pistonstruck Jyothis,/name/nm13362597/
Maala Parvathi,/name/nm6213877/
Rajesh Madhavan,/name/nm9045614/
Sobhita Dhulipala,/name/nm8179407/
Sreeja Das,/name/nm8495162/
Kavya Bellu,/name/nm13031271/
Rajesh Devaraj,/name/nm13145237/
Abraham Evan Anil,/name/nm10971482/
Arjun Sarja,/name/nm0035018/
Suniel Shetty,/name/nm0792911/
Divya M. Nair,/name/nm11365571/
Senthil Krishna,/name/nm3755435/
Priyanka Sreelakshmi,/name/nm12091286/
Guru Somasundaram,/name/nm5626435/
Gopika Udayan,/name/nm12715630/
Harisree Yousuf,/name/nm8167134/
Noorin Shereef,/name/nm9548980/
Athira,/name/nm12327707/
George,/name/nm12327709/
Valsala Menon,/name/nm0579772/
Sreejith Babu,/name/nm11427105/
Sreenath Babu,/name/nm10589951/
Eldose Jacob,/name/nm13107354/
Vineeth Vasudevan,/name/nm8319302/
Josey Sijo,/name/nm11874274/
Nayana Prasad,/name/nm10881234/
Inis Ali,/name/nm13564792/
Nikhil Nair,/name/nm14716103/
Diana Penty,/name/nm5069465/
Rahul CB,/name/nm13902859/
Sabari Boss,/name/nm13525429/
Vivek Anirudh,/name/nm8359946/
Anna Andrea,/name/nm13612288/
Shivadas C.,/name/nm11137285/
Anmay,/name/nm13551788/
Fridol Mekkunnel,/name/nm13570263/
Thapasya Renjith,/name/nm13570264/
Sajith Thoppil,/name/nm12527838/
V.K. Prakash,/name/nm1335378/
Sabu Cyril,/name/nm12564350/
Ishita Singh,/name/nm13274784/
Raveena Nair,/name/nm10825432/
Devika Sanjay,/name/nm10356433/
Premjith Lal,/name/nm11635144/
Ambootty,/name/nm13643867/
Rohit Nair,/name/nm13643868/
Vasudev Sajeesh Marar,/name/nm11427103/
Appunni Sasi,/name/nm6788820/
Nisthar Ahmed,/name/nm13546121/
Melvin G. Babu,/name/nm12471125/
Madhavan,/name/nm0534856/
Chandhunadh,/name/nm8445298/
Jude Anthany Joseph,/name/nm6272974/
Jayashankar,/name/nm7898733/
Roshan Basheer,/name/nm5573884/
Kumaravel,/name/nm3642393/
Syam Kumar,/name/nm10830483/
Lakshmi Manchu,/name/nm1711203/
Lekshmi R. Pillai,/name/nm12573699/
Sreeya Remesh,/name/nm8535684/
Vinod Kovoor,/name/nm4527995/
Abu Salim,/name/nm1197464/
Anagha Narayanan,/name/nm11813019/
Manu Kurishinkal,/name/nm11481920/
Manobala,/name/nm1007581/
Aparna Das,/name/nm10375007/
Victor Abraham,/name/nm8361517/
Ajas,/name/nm11374600/
Ajin,/name/nm9660129/
Ajith,/name/nm7909121/
Pavithra Lakshmi,/name/nm12479004/
Shayi Shanker,/name/nm13802577/
Yami Sona,/name/nm9648062/
Jose Kizhakkan,/name/nm12794092/
Joseph Manickal,/name/nm12794093/
Barbiee Sharma,/name/nm10881160/
George Jacob,/name/nm13035943/
Arjun,/name/nm14478152/
Sanjay Chandran,/name/nm14478144/
Manohari Joy,/name/nm11145195/
Jithu Asharef,/name/nm7931826/
Shanvi Srivastava,/name/nm4980806/
Vinod Thomas,/name/nm8979271/
Devi,/name/nm15206417/
Donny Darwin,/name/nm14436592/
Suraj Balakrishnan,/name/nm13735288/
Gayathrie,/name/nm5408141/
A.K.B. Kumar,/name/nm10955964/
Addis Akkara,/name/nm9326650/
Vincy Aloshious,/name/nm10965899/
Ranjith Sajeev,/name/nm13061046/
Vettukili Prakash,/name/nm1797498/
Deva Nandha,/name/nm13252834/
Vijeesh,/name/nm1475844/
Muhammed Muhasin,/name/nm13778736/
Sagara,/name/nm13778737/
Rithesh,/name/nm12135375/
Deepthi Maret,/name/nm14378815/
Rahul Nair,/name/nm8445233/
Jaffer Koduva,/name/nm14432517/
Swathi,/name/nm14440572/
Dipin,/name/nm14440573/
Danuja,/name/nm14440574/
Badari,/name/nm15281106/
Ramya Pandian,/name/nm8051850/
Ashwanth Ashokkumar,/name/nm10568843/
Pramod Shetty,/name/nm6514032/
Noorudheen Ali Ahmed,/name/nm11972165/
Latheefa,/name/nm14479121/
Girish Kulkarni,/name/nm2971390/
Annie,/name/nm1503859/
Anjali,/name/nm3592766/
Sajin Gopu,/name/nm13205277/
Aiswarya Anilkumar,/name/nm10899760/
Dhipu N. Baabu,/name/nm13241716/
Vijayakrishnan A.B.,/name/nm13317820/
Albert Gayo,/name/nm3403204/
Vinay Rai,/name/nm2587761/
Premalatha Thayineri,/name/nm14624214/
Rajesh Azhikkodan,/name/nm13995213/
Malavika Mohanan,/name/nm6017002/
Manju Pathrose,/name/nm8223791/
Abhiram Radhakrishnan,/name/nm9721990/
Afsana Lekshmi,/name/nm14594615/
Aaryan,/name/nm15158954/
Aavani,/name/nm10385004/
Akshara,/name/nm15158956/
John Alukka,/name/nm15158955/
Sooraj Sukumar Nair,/name/nm8624160/
Sreekumar R Nair,/name/nm11709788/
Manoj K.U.,/name/nm11137284/
Franco Francis,/name/nm10899735/
Narayanan Nair,/name/nm1985564/
Santhosh K. Nayar,/name/nm0763503/
Sharon Sahim,/name/nm12649611/
Renji Kankol,/name/nm11102317/
Tanvi Ram,/name/nm9774065/
Melvin Thanath,/name/nm14690929/
Devi Nanda,/name/nm14690930/
Rishi Suresh,/name/nm14690931/
Sree Padma,/name/nm14690932/
Jyothis Chandran,/name/nm11808379/
Nivin Nair,/name/nm14546854/
Ambili,/name/nm14868293/
Sumesh Chandran,/name/nm12304442/
Mokksha,/name/nm11315295/
Althaf,/name/nm10533894/
Nisha Sarangh,/name/nm4191651/
Keerthy Sreejith,/name/nm12989651/
Jean Paul Lal,/name/nm5749041/
Ashwathy,/name/nm12133188/
Neena Cheriyan,/name/nm14634077/
Anju Krishna Asok,/name/nm14556737/
Babitha Basheer,/name/nm10130126/
Jayaraj Calicut,/name/nm14281444/
Sooraj Thelakkadu,/name/nm10918640/
Kannan,/name/nm14721982/
Arathy KB,/name/nm14721983/
Azif Muhammed,/name/nm14721984/
K.P.A.C. Leela,/name/nm11078300/
Ganga Meera,/name/nm13768458/
Arya Rohit,/name/nm7621790/
Annu Antony,/name/nm8387513/
Prijil J.R.,/name/nm12426998/
Mithun Ramesh,/name/nm2566797/
Abijith Ravi,/name/nm14754404/
Archana Vinod,/name/nm14754405/
Parthasaradhi,/name/nm15848447/
Noushad Ali,/name/nm10683280/
Viji Venkatesh,/name/nm14663563/
Anjana Jayaprakash,/name/nm8682293/
Dhwani Rajesh,/name/nm9585440/
Anarkali Marikar,/name/nm8387514/
Kalaiyarasan,/name/nm5296909/
Shiva Hariharan,/name/nm11053123/
Meenakshi Jayan,/name/nm11481870/
Bhaskar Arvind,/name/nm14594953/
Ashika Ashokan,/name/nm14594957/
Afsal K Aziz,/name/nm14594954/
Vishnu Balakrishnan,/name/nm14594959/
Sminu Sijo,/name/nm10358445/
Athulya Chandra,/name/nm11215130/
Haniya Nafisa,/name/nm12462929/
Aarsha Chandini Baiju,/name/nm13485857/
Srikanth,/name/nm0820241/
Devaki Rajendran,/name/nm9397690/
Ganapathi,/name/nm2651532/
Raghu Subhash Chandran,/name/nm11414726/
Ajesh Babu,/name/nm10678391/
Ullas Chemban,/name/nm8837261/
Irshad Ali,/name/nm1290852/
Niyas Backer,/name/nm12587249/
Varun Dhara,/name/nm10899755/
Maqbool Salman,/name/nm10470073/
Ibrahim Kutty,/name/nm2857203/
Bindhu Jayan,/name/nm12091245/
Thennal Abhilash,/name/nm13252817/
Ritika Singh,/name/nm3277309/
Shyam Mohan,/name/nm12715882/
Sangeeth Prathap,/name/nm12207182/
Zarin Shihab,/name/nm10487218/
Madan Babu,/name/nm15703169/
Sonalee Kulkarni,/name/nm4619181/
Manoj Moses,/name/nm14630728/
Arya Salim,/name/nm10803741/
Kallirroi Tziafeta,/name/nm4240443/
Ignacio Mateos,/name/nm1793538/
